4096	4	$EMPTY	ENDBR64	0	0	0	0	0	0
4099	1	$EMPTY	CLI	0	0	0	0	0	0
4107	2	$EMPTY	FLDCW	13	0	0	0	0	0
4114	2	$EMPTY	JE	18	0	0	0	1	0
4116	2	$EMPTY	CALL	8	0	0	0	0	0
4122	1	$EMPTY	RET	0	0	0	0	0	0
4128	4	$EMPTY	ENDBR64	0	0	0	0	0	0
4131	1	$EMPTY	CLI	0	0	0	0	0	0
4137	1	$EMPTY	POP	29	0	0	0	0	0
4140	2	$EMPTY	LOOP	30	0	0	0	1	0
4145	1	$EMPTY	PUSH	8	0	0	0	0	0
4146	1	$EMPTY	PUSH	1	0	0	0	0	0
4168	6	$EMPTY	CALL	52	0	0	0	0	2
4174	1	$EMPTY	HLT	0	0	0	0	0	0
4175	1	$EMPTY	NOP	0	0	0	0	0	0
4186	3	$EMPTY	RETF	63	0	0	0	1	0
4192	1	$EMPTY	CLC	0	0	0	0	0	0
4193	2	$EMPTY	JE	65	0	0	0	1	0
4205	2	$EMPTY	JE	65	0	0	0	1	0
4207	2	$EMPTY	JMP	8	0	0	0	0	0
4208	2	$EMPTY	LOOPNE	73	0	0	0	1	0
4209	7	$EMPTY	NOP	0	0	0	0	0	3
4216	1	$EMPTY	RET	0	0	0	0	0	0
4217	7	$EMPTY	NOP	0	0	0	0	0	3
4240	3	$EMPTY	DEC	83	0	0	0	0	2
4250	1	$EMPTY	CLC	0	0	0	0	0	0
4258	2	$EMPTY	JE	87	0	0	0	1	0
4270	2	$EMPTY	JE	87	0	0	0	1	0
4272	2	$EMPTY	JMP	8	0	0	0	0	0
4273	2	$EMPTY	LOOPNE	93	0	0	0	1	0
4274	6	$EMPTY	NOP	0	0	0	0	0	5
4275	5	$EMPTY	NOP	0	0	0	0	0	4
4280	1	$EMPTY	RET	0	0	0	0	0	0
4281	7	$EMPTY	NOP	0	0	0	0	0	3
4288	4	$EMPTY	ENDBR64	0	0	0	0	0	0
4291	1	$EMPTY	CLI	0	0	0	0	0	0
4294	1	$EMPTY	POP	97	0	0	0	0	0
4299	2	$EMPTY	JNE	99	0	0	0	1	0
4301	1	$EMPTY	PUSH	97	0	0	0	0	0
4313	2	$EMPTY	JE	107	0	0	0	1	0
4322	6	$EMPTY	CALL	112	0	0	0	0	2
4328	5	$EMPTY	CALL	114	0	0	0	1	0
4332	2	$EMPTY	INC	79	0	0	0	0	0
4340	1	$EMPTY	POP	97	0	0	0	0	0
4341	1	$EMPTY	RET	0	0	0	0	0	0
4342	10	$EMPTY	NOP	0	0	0	0	0	6
4343	9	$EMPTY	NOP	0	0	0	0	0	5
4344	8	$EMPTY	NOP	0	0	0	0	0	4
4352	1	$EMPTY	RET	0	0	0	0	0	0
4353	11	$EMPTY	NOP	0	0	0	0	0	7
4354	10	$EMPTY	NOP	0	0	0	0	0	6
4355	9	$EMPTY	NOP	0	0	0	0	0	5
4356	8	$EMPTY	NOP	0	0	0	0	0	4
4364	4	$EMPTY	NOP	0	0	0	0	0	3
4368	4	$EMPTY	ENDBR64	0	0	0	0	0	0
4371	1	$EMPTY	CLI	0	0	0	0	0	0
4372	5	$EMPTY	JMP	120	0	0	0	1	0
4376	2	$EMPTY	DEC	59	0	0	0	0	0
4377	7	$EMPTY	NOP	0	0	0	0	0	3
4384	1	$EMPTY	PUSH	97	0	0	0	0	0
4390	2	$EMPTY	JGE	125	0	0	0	1	0
4391	1	$EMPTY	CLC	0	0	0	0	0	0
4393	2	$EMPTY	INT3	0	0	0	0	0	0
4394	1	$EMPTY	INT3	0	0	0	0	0	0
4400	2	$EMPTY	INT3	0	0	0	0	0	0
4401	1	$EMPTY	INT3	0	0	0	0	0	0
4404	2	$EMPTY	CLC	0	0	0	0	0	0
4405	1	$EMPTY	CLC	0	0	0	0	0	0
4411	6	$EMPTY	JAE	132	0	0	0	2	0
4419	2	$EMPTY	CLC	0	0	0	0	0	0
4420	1	$EMPTY	CLC	0	0	0	0	0	0
4422	2	$EMPTY	INT3	0	0	0	0	0	0
4423	1	$EMPTY	INT3	0	0	0	0	0	0
4428	2	$EMPTY	INT3	0	0	0	0	0	0
4429	1	$EMPTY	INT3	0	0	0	0	0	0
4434	5	$EMPTY	JMP	139	0	0	0	1	0
4435	2	$EMPTY	FDIVR	140	0	0	0	0	0
4438	2	$EMPTY	DEC	59	0	0	0	0	0
4439	2	$EMPTY	UD2	0	0	0	0	0	0
4441	7	$EMPTY	NOP	0	0	0	0	0	3
4448	1	$EMPTY	PUSH	97	0	0	0	0	0
4457	2	$EMPTY	JGE	144	0	0	0	1	0
4458	1	$EMPTY	CLD	0	0	0	0	0	0
4461	2	$EMPTY	JNE	147	0	0	0	1	0
4472	6	$EMPTY	CALL	155	0	0	0	2	0
4473	5	$EMPTY	CALL	155	0	0	0	1	0
4481	5	$EMPTY	CALL	125	0	0	0	1	0
4485	2	$EMPTY	PUSH	157	0	0	0	0	0
4492	1	$EMPTY	POP	97	0	0	0	0	0
4493	1	$EMPTY	RET	0	0	0	0	0	0
4494	2	$EMPTY	NOP	0	0	0	0	0	0
4495	1	$EMPTY	NOP	0	0	0	0	0	0
4496	4	$EMPTY	ENDBR64	0	0	0	0	0	0
4499	1	$EMPTY	CLI	0	0	0	0	0	0
4500	2	$EMPTY	PUSH	160	0	0	0	0	0
4501	1	$EMPTY	PUSH	47	0	0	0	0	0
4505	2	$EMPTY	JNP	164	0	0	0	1	0
4509	2	$EMPTY	PUSH	166	0	0	0	0	0
4510	1	$EMPTY	PUSH	29	0	0	0	0	0
4514	2	$EMPTY	PUSH	167	0	0	0	0	0
4515	1	$EMPTY	PUSH	97	0	0	0	0	0
4518	1	$EMPTY	CMC	0	0	0	0	0	0
4519	2	$EMPTY	PUSH	168	0	0	0	0	0
4520	1	$EMPTY	PUSH	1	0	0	0	0	0
4523	1	$EMPTY	CLD	0	0	0	0	0	0
4524	1	$EMPTY	PUSH	97	0	0	0	0	0
4532	1	$EMPTY	PUSH	174	0	0	0	0	0
4535	1	$EMPTY	STD	0	0	0	0	0	0
4540	5	$EMPTY	CALL	175	0	0	0	1	0
4544	3	$EMPTY	DEC	176	0	0	0	0	2
4547	1	$EMPTY	STD	0	0	0	0	0	0
4549	2	$EMPTY	JE	178	0	0	0	1	0
4552	2	$EMPTY	FISTTP	59	0	0	0	0	0
4553	7	$EMPTY	NOP	0	0	0	0	0	3
4569	4	$EMPTY	CALL	181	0	0	0	0	0
4570	3	$EMPTY	CALL	182	0	0	0	0	0
4572	3	$EMPTY	FISTTP	184	0	0	0	0	2
4575	1	$EMPTY	RET	0	0	0	0	0	0
4579	3	$EMPTY	FNSAVE	186	0	0	0	0	2
4580	2	$EMPTY	JNE	187	0	0	0	1	0
4586	1	$EMPTY	POP	174	0	0	0	0	0
4587	1	$EMPTY	POP	97	0	0	0	0	0
4588	2	$EMPTY	POP	168	0	0	0	0	0
4589	1	$EMPTY	POP	1	0	0	0	0	0
4590	2	$EMPTY	POP	167	0	0	0	0	0
4591	1	$EMPTY	POP	97	0	0	0	0	0
4592	2	$EMPTY	POP	166	0	0	0	0	0
4593	1	$EMPTY	POP	29	0	0	0	0	0
4594	2	$EMPTY	POP	160	0	0	0	0	0
4595	1	$EMPTY	POP	47	0	0	0	0	0
4596	1	$EMPTY	RET	0	0	0	0	0	0
4597	11	$EMPTY	NOP	0	0	0	0	0	7
4598	10	$EMPTY	NOP	0	0	0	0	0	6
4599	9	$EMPTY	NOP	0	0	0	0	0	5
4600	8	$EMPTY	NOP	0	0	0	0	0	4
4608	4	$EMPTY	ENDBR64	0	0	0	0	0	0
4611	1	$EMPTY	CLI	0	0	0	0	0	0
4612	1	$EMPTY	RET	0	0	0	0	0	0
4616	4	$EMPTY	ENDBR64	0	0	0	0	0	0
4619	1	$EMPTY	CLI	0	0	0	0	0	0
4628	1	$EMPTY	RET	0	0	0	0	0	0
4100	4	$EMPTY	SUB	2	1	0	0	3	0
4118	4	$EMPTY	ADD	2	1	0	0	3	0
4141	4	$EMPTY	AND	31	1	0	0	3	0
4452	4	$EMPTY	SUB	141	1	0	0	3	0
4488	4	$EMPTY	ADD	141	1	0	0	3	0
4536	4	$EMPTY	SUB	2	1	0	0	3	0
4582	4	$EMPTY	ADD	2	1	0	0	3	0
4620	4	$EMPTY	SUB	2	1	0	0	3	0
4624	4	$EMPTY	ADD	2	1	0	0	3	0
4101	3	$EMPTY	SUB	2	3	0	0	2	0
4119	3	$EMPTY	ADD	2	3	0	0	2	0
4142	3	$EMPTY	AND	32	3	0	0	2	0
4453	3	$EMPTY	SUB	141	3	0	0	2	0
4489	3	$EMPTY	ADD	141	3	0	0	2	0
4522	2	$EMPTY	MOV	49	3	0	0	0	0
4537	3	$EMPTY	SUB	2	3	0	0	2	0
4583	3	$EMPTY	ADD	2	3	0	0	2	0
4621	3	$EMPTY	SUB	2	3	0	0	2	0
4625	3	$EMPTY	ADD	2	3	0	0	2	0
4102	1	$EMPTY	IN	5	4	0	0	0	0
4143	2	$EMPTY	IN	33	4	0	0	1	0
4259	2	$EMPTY	ADC	88	4	0	0	1	0
4327	2	$EMPTY	ADD	104	4	0	0	0	0
4335	2	$EMPTY	XOR	63	4	0	0	1	0
4425	2	$EMPTY	OR	2	4	0	0	1	0
4454	1	$EMPTY	IN	5	4	0	0	0	0
4480	2	$EMPTY	CMP	104	4	0	0	0	0
4506	2	$EMPTY	SUB	39	4	0	0	1	0
4529	2	$EMPTY	SUB	39	4	0	0	1	0
4538	1	$EMPTY	IN	5	4	0	0	0	0
4539	2	$EMPTY	OR	104	4	0	0	0	0
4571	2	$EMPTY	ADC	183	4	0	0	1	0
4622	1	$EMPTY	IN	5	4	0	0	0	0
4198	1	$EMPTY	OUTSB	70	5	0	0	0	0
4246	1	$EMPTY	OUT	4	5	0	0	0	0
4565	1	$EMPTY	OUT	4	5	0	0	0	0
4103	3	$EMPTY	OR	7	6	0	0	0	2
4416	3	$EMPTY	ADD	7	6	0	0	0	2
4424	3	$EMPTY	MOV	134	7	0	0	0	0
4433	2	$EMPTY	SHR	21	7	0	0	0	0
4104	7	$EMPTY	MOV	9	8	0	0	0	3
4111	3	$EMPTY	TEST	8	8	0	0	0	0
4183	7	$EMPTY	LEA	60	8	0	0	0	3
4190	3	$EMPTY	CMP	47	8	0	0	0	0
4195	7	$EMPTY	MOV	67	8	0	0	0	3
4202	3	$EMPTY	TEST	8	8	0	0	0	0
4241	3	$EMPTY	MOV	29	8	0	0	0	0
4248	4	$EMPTY	SAR	85	8	0	0	3	0
4260	7	$EMPTY	MOV	89	8	0	0	0	3
4267	3	$EMPTY	TEST	8	8	0	0	0	0
4417	4	$EMPTY	MOV	123	8	0	0	0	3
4431	6	$EMPTY	ADD	137	8	0	0	2	0
4463	7	$EMPTY	LEA	148	8	0	0	0	3
4474	4	$EMPTY	MOV	145	8	0	0	0	3
4105	6	$EMPTY	MOV	11	10	0	0	0	2
4106	5	$EMPTY	ADD	12	10	0	0	1	0
4112	2	$EMPTY	TEST	10	10	0	0	0	0
4133	1	$EMPTY	IN	5	10	0	0	0	0
4148	6	$EMPTY	LEA	36	10	0	0	0	2
4149	5	$EMPTY	ADD	37	10	0	0	1	0
4156	5	$EMPTY	OR	45	10	0	0	1	0
4163	5	$EMPTY	CMP	51	10	0	0	1	0
4169	5	$EMPTY	ADC	53	10	0	0	1	0
4170	1	$EMPTY	XCHG	27	10	0	0	0	0
4178	5	$EMPTY	CMP	58	10	0	0	1	0
4184	6	$EMPTY	LEA	61	10	0	0	0	2
4185	5	$EMPTY	ADD	62	10	0	0	1	0
4191	2	$EMPTY	CMP	49	10	0	0	0	0
4194	5	$EMPTY	ADC	66	10	0	0	1	0
4196	6	$EMPTY	MOV	68	10	0	0	0	2
4197	5	$EMPTY	ADD	69	10	0	0	1	0
4203	2	$EMPTY	TEST	10	10	0	0	0	0
4226	5	$EMPTY	CMP	76	10	0	0	1	0
4227	9	$EMPTY	MOVABS	77	10	0	0	0	1
4233	5	$EMPTY	XOR	81	10	0	0	1	0
4242	2	$EMPTY	MOV	79	10	0	0	0	0
4249	3	$EMPTY	SAR	85	10	0	0	2	0
4261	6	$EMPTY	MOV	90	10	0	0	0	2
4262	5	$EMPTY	ADD	91	10	0	0	1	0
4268	2	$EMPTY	TEST	10	10	0	0	0	0
4293	5	$EMPTY	CMP	96	10	0	0	1	0
4304	5	$EMPTY	CMP	103	10	0	0	1	0
4312	2	$EMPTY	IN	106	10	0	0	1	0
4314	5	$EMPTY	OR	108	10	0	0	1	0
4317	5	$EMPTY	CMP	111	10	0	0	1	0
4323	5	$EMPTY	ADC	113	10	0	0	1	0
4334	5	$EMPTY	ADD	116	10	0	0	1	0
4387	2	$EMPTY	IN	88	10	0	0	1	0
4399	3	$EMPTY	MOV	126	10	0	0	0	2
4409	2	$EMPTY	CMP	26	10	0	0	0	0
4418	3	$EMPTY	MOV	124	10	0	0	0	2
4427	3	$EMPTY	MOV	126	10	0	0	0	2
4432	5	$EMPTY	ADD	138	10	0	0	1	0
4451	2	$EMPTY	IN	88	10	0	0	1	0
4464	6	$EMPTY	LEA	149	10	0	0	0	2
4465	5	$EMPTY	ADD	150	10	0	0	1	0
4475	3	$EMPTY	MOV	146	10	0	0	0	2
4486	2	$EMPTY	XOR	10	10	0	0	0	0
4504	5	$EMPTY	CMP	163	10	0	0	1	0
4527	5	$EMPTY	SUB	172	10	0	0	1	0
4109	2	$EMPTY	ADD	4	14	0	0	0	0
4152	2	$EMPTY	ADD	4	14	0	0	0	0
4159	2	$EMPTY	ADD	4	14	0	0	0	0
4166	2	$EMPTY	ADD	4	14	0	0	0	0
4172	2	$EMPTY	ADD	4	14	0	0	0	0
4181	2	$EMPTY	ADD	4	14	0	0	0	0
4188	2	$EMPTY	ADD	4	14	0	0	0	0
4200	2	$EMPTY	ADD	4	14	0	0	0	0
4211	3	$EMPTY	ADD	39	14	0	0	2	0
4212	2	$EMPTY	ADD	4	14	0	0	0	0
4213	2	$EMPTY	ADD	4	14	0	0	0	0
4214	2	$EMPTY	ADD	4	14	0	0	0	0
4219	3	$EMPTY	ADD	39	14	0	0	2	0
4220	2	$EMPTY	ADD	4	14	0	0	0	0
4221	2	$EMPTY	ADD	4	14	0	0	0	0
4222	2	$EMPTY	ADD	4	14	0	0	0	0
4229	2	$EMPTY	ADD	4	14	0	0	0	0
4236	2	$EMPTY	ADD	4	14	0	0	0	0
4265	2	$EMPTY	ADD	4	14	0	0	0	0
4277	3	$EMPTY	ADD	94	14	0	0	0	0
4278	2	$EMPTY	ADD	4	14	0	0	0	0
4283	3	$EMPTY	ADD	39	14	0	0	2	0
4284	2	$EMPTY	ADD	4	14	0	0	0	0
4285	2	$EMPTY	ADD	4	14	0	0	0	0
4286	2	$EMPTY	ADD	4	14	0	0	0	0
4296	2	$EMPTY	ADD	4	14	0	0	0	0
4297	2	$EMPTY	ADD	4	14	0	0	0	0
4307	2	$EMPTY	ADD	4	14	0	0	0	0
4308	2	$EMPTY	ADD	4	14	0	0	0	0
4320	2	$EMPTY	ADD	4	14	0	0	0	0
4326	2	$EMPTY	ADD	4	14	0	0	0	0
4337	2	$EMPTY	ADD	4	14	0	0	0	0
4346	2	$EMPTY	TEST	4	14	0	0	0	0
4347	2	$EMPTY	ADD	4	14	0	0	0	0
4348	2	$EMPTY	ADD	4	14	0	0	0	0
4349	2	$EMPTY	ADD	4	14	0	0	0	0
4350	2	$EMPTY	ADD	4	14	0	0	0	0
4358	2	$EMPTY	TEST	4	14	0	0	0	0
4359	2	$EMPTY	ADD	4	14	0	0	0	0
4360	2	$EMPTY	ADD	4	14	0	0	0	0
4361	2	$EMPTY	ADD	4	14	0	0	0	0
4362	2	$EMPTY	ADD	4	14	0	0	0	0
4379	3	$EMPTY	ADD	39	14	0	0	2	0
4380	2	$EMPTY	ADD	4	14	0	0	0	0
4381	2	$EMPTY	ADD	4	14	0	0	0	0
4382	2	$EMPTY	ADD	4	14	0	0	0	0
4395	2	$EMPTY	ADD	4	14	0	0	0	0
4396	2	$EMPTY	ADD	4	14	0	0	0	0
4397	2	$EMPTY	ADD	4	14	0	0	0	0
4414	2	$EMPTY	ADD	4	14	0	0	0	0
4415	2	$EMPTY	ADD	4	14	0	0	0	0
4443	3	$EMPTY	ADD	39	14	0	0	2	0
4444	2	$EMPTY	ADD	4	14	0	0	0	0
4445	2	$EMPTY	ADD	4	14	0	0	0	0
4446	2	$EMPTY	ADD	4	14	0	0	0	0
4468	2	$EMPTY	ADD	4	14	0	0	0	0
4507	2	$EMPTY	ADD	4	14	0	0	0	0
4530	2	$EMPTY	ADD	4	14	0	0	0	0
4555	3	$EMPTY	ADD	39	14	0	0	2	0
4556	2	$EMPTY	ADD	4	14	0	0	0	0
4557	2	$EMPTY	ADD	4	14	0	0	0	0
4558	2	$EMPTY	ADD	4	14	0	0	0	0
4602	2	$EMPTY	TEST	4	14	0	0	0	0
4603	2	$EMPTY	ADD	4	14	0	0	0	0
4604	2	$EMPTY	ADD	4	14	0	0	0	0
4605	2	$EMPTY	ADD	4	14	0	0	0	0
4606	2	$EMPTY	ADD	4	14	0	0	0	0
4110	3	$EMPTY	ADD	7	15	0	0	0	2
4201	3	$EMPTY	ADD	7	15	0	0	0	2
4266	3	$EMPTY	ADD	7	15	0	0	0	2
4113	5	$EMPTY	SAL	17	16	0	0	4	3
4115	2	$EMPTY	ADD	19	19	0	0	0	0
4167	2	$EMPTY	ADD	19	19	0	0	0	0
4271	2	$EMPTY	OR	19	19	0	0	0	0
4321	2	$EMPTY	ADD	19	19	0	0	0	0
4117	3	$EMPTY	ROR	21	20	0	0	0	2
4487	4	$EMPTY	ROR	158	20	0	0	3	2
4623	3	$EMPTY	OR	7	20	0	0	0	2
4121	2	$EMPTY	OR	4	22	0	0	0	0
4215	2	$EMPTY	ADD	4	22	0	0	0	0
4279	2	$EMPTY	ADD	4	22	0	0	0	0
4287	2	$EMPTY	ADD	55	22	0	0	0	0
4351	2	$EMPTY	ADD	4	22	0	0	0	0
4366	3	$EMPTY	ADD	119	22	0	0	0	0
4367	2	$EMPTY	ADD	55	22	0	0	0	0
4607	2	$EMPTY	ADD	55	22	0	0	0	0
4627	2	$EMPTY	OR	4	22	0	0	0	0
4132	2	$EMPTY	XOR	23	23	0	0	0	0
4311	2	$EMPTY	MOV	3	23	0	0	0	0
4386	2	$EMPTY	MOV	3	23	0	0	0	0
4450	2	$EMPTY	MOV	3	23	0	0	0	0
4517	2	$EMPTY	MOV	79	23	0	0	0	0
4526	6	$EMPTY	LEA	171	23	0	0	0	2
4534	2	$EMPTY	SUB	49	23	0	0	0	0
4546	3	$EMPTY	SAR	85	23	0	0	2	0
4578	2	$EMPTY	CMP	118	23	0	0	0	0
4134	3	$EMPTY	MOV	25	24	0	0	0	0
4138	3	$EMPTY	MOV	1	25	0	0	0	0
4560	3	$EMPTY	MOV	166	25	0	0	0	0
4135	2	$EMPTY	MOV	27	26	0	0	0	0
4155	6	$EMPTY	LEA	44	26	0	0	0	2
4251	3	$EMPTY	ADD	86	26	0	0	0	2
4403	3	$EMPTY	MOV	124	26	0	0	0	2
4406	3	$EMPTY	MOVSX	38	26	0	0	0	0
4421	3	$EMPTY	MOV	126	26	0	0	0	2
4440	2	$EMPTY	OR	59	26	0	0	0	0
4139	2	$EMPTY	MOV	3	27	0	0	0	0
4300	3	$EMPTY	XOR	100	27	0	0	0	2
4561	2	$EMPTY	MOV	79	27	0	0	0	0
4136	3	$EMPTY	RCR	21	28	0	0	0	2
4231	7	$EMPTY	LEA	78	29	0	0	0	3
4238	3	$EMPTY	SUB	47	29	0	0	0	0
4244	4	$EMPTY	SHR	84	29	0	0	3	0
4252	3	$EMPTY	ADD	8	29	0	0	0	0
4255	3	$EMPTY	SAR	21	29	0	0	0	0
4562	4	$EMPTY	MOV	167	29	0	0	0	0
4563	3	$EMPTY	MOV	167	29	0	0	0	0
4147	7	$EMPTY	LEA	35	34	0	0	0	3
4150	3	$EMPTY	MOV	39	38	0	0	2	0
4164	2	$EMPTY	SBB	4	38	0	0	0	0
4338	2	$EMPTY	ADD	4	38	0	0	0	0
4151	2	$EMPTY	ADD	10	40	0	0	0	0
4158	2	$EMPTY	ADD	10	40	0	0	0	0
4165	2	$EMPTY	ADD	10	40	0	0	0	0
4153	3	$EMPTY	ADD	7	41	0	0	0	2
4160	3	$EMPTY	ADD	7	41	0	0	0	2
4182	3	$EMPTY	ADD	7	41	0	0	0	2
4223	3	$EMPTY	ADD	7	41	0	0	0	2
4230	3	$EMPTY	ADD	7	41	0	0	0	2
4154	7	$EMPTY	LEA	43	42	0	0	0	3
4402	4	$EMPTY	MOV	123	42	0	0	0	3
4157	3	$EMPTY	ADD	34	46	0	0	0	0
4161	7	$EMPTY	LEA	48	47	0	0	0	3
4176	7	$EMPTY	LEA	56	47	0	0	0	3
4224	7	$EMPTY	LEA	74	47	0	0	0	3
4315	7	$EMPTY	MOV	109	47	0	0	0	3
4329	2	$EMPTY	MOVSXD	49	47	0	0	0	0
4478	3	$EMPTY	MOV	156	47	0	0	0	0
4162	6	$EMPTY	LEA	50	49	0	0	0	2
4177	6	$EMPTY	LEA	57	49	0	0	0	2
4206	2	$EMPTY	OR	49	49	0	0	0	0
4225	6	$EMPTY	LEA	75	49	0	0	0	2
4316	6	$EMPTY	MOV	110	49	0	0	0	2
4479	2	$EMPTY	MOV	40	49	0	0	0	0
4503	6	$EMPTY	LEA	162	49	0	0	0	2
4566	3	$EMPTY	MOV	169	49	0	0	0	0
4567	2	$EMPTY	MOV	3	49	0	0	0	0
4173	2	$EMPTY	ADD	55	54	0	0	0	0
4179	2	$EMPTY	SHR	21	59	0	0	0	0
4189	3	$EMPTY	ADD	7	64	0	0	0	2
4204	5	$EMPTY	SAL	72	71	0	0	4	3
4232	6	$EMPTY	LEA	80	79	0	0	0	2
4239	2	$EMPTY	SUB	49	79	0	0	0	0
4245	3	$EMPTY	SHR	84	79	0	0	2	0
4253	2	$EMPTY	ADD	10	79	0	0	0	0
4256	2	$EMPTY	SAR	21	79	0	0	0	0
4407	5	$EMPTY	MOV	128	79	0	0	1	0
4512	2	$EMPTY	MOV	27	79	0	0	0	0
4548	4	$EMPTY	ADD	177	79	0	0	0	3
4564	2	$EMPTY	MOV	23	79	0	0	0	0
4237	3	$EMPTY	ADD	7	82	0	0	0	2
4309	3	$EMPTY	ADD	7	83	0	0	0	2
4469	3	$EMPTY	ADD	7	83	0	0	0	2
4269	5	$EMPTY	SAL	72	92	0	0	4	3
4292	7	$EMPTY	CMP	39	95	0	0	6	2
4310	3	$EMPTY	MOV	1	97	0	0	0	0
4385	3	$EMPTY	MOV	1	97	0	0	0	0
4449	3	$EMPTY	MOV	1	97	0	0	0	0
4525	7	$EMPTY	LEA	170	97	0	0	0	3
4533	3	$EMPTY	SUB	160	97	0	0	0	0
4545	4	$EMPTY	SAR	85	97	0	0	3	0
4577	3	$EMPTY	CMP	174	97	0	0	0	0
4298	3	$EMPTY	ADD	55	98	0	0	0	2
4302	8	$EMPTY	CMP	39	101	0	0	7	3
4303	7	$EMPTY	CMP	39	102	0	0	6	2
4305	2	$EMPTY	AND	105	104	0	0	0	0
4324	2	$EMPTY	ADC	104	105	0	0	0	0
4363	2	$EMPTY	ADD	7	105	0	0	0	0
4528	1	$EMPTY	INSB	5	105	0	0	0	0
4333	7	$EMPTY	MOV	21	115	0	0	6	2
4339	3	$EMPTY	ADD	118	117	0	0	0	2
4551	2	$EMPTY	XOR	118	118	0	0	0	0
4574	3	$EMPTY	ADD	21	118	0	0	2	0
4383	3	$EMPTY	ADD	122	121	0	0	0	2
4447	3	$EMPTY	ADD	122	121	0	0	0	2
4388	4	$EMPTY	MOV	47	123	0	0	0	3
4389	3	$EMPTY	MOV	49	124	0	0	0	2
4392	7	$EMPTY	MOV	39	126	0	0	3	2
4398	6	$EMPTY	ADD	7	127	0	0	0	2
4408	2	$EMPTY	OR	49	129	0	0	0	0
4410	4	$EMPTY	ENTER	131	130	0	0	3	0
4412	3	$EMPTY	ADC	39	133	0	0	2	0
4426	6	$EMPTY	OR	7	135	0	0	0	2
4430	4	$EMPTY	MOV	7	136	0	0	0	3
4455	6	$EMPTY	AND	7	142	0	0	0	2
4456	3	$EMPTY	MOV	49	143	0	0	0	2
4459	4	$EMPTY	MOV	29	145	0	0	0	3
4460	3	$EMPTY	MOV	79	146	0	0	0	2
4466	2	$EMPTY	MOV	152	151	0	0	0	0
4470	4	$EMPTY	MOV	8	153	0	0	0	3
4471	3	$EMPTY	MOV	10	154	0	0	0	2
4491	3	$EMPTY	AND	22	159	0	0	0	2
4502	7	$EMPTY	LEA	161	160	0	0	0	3
4508	3	$EMPTY	ADD	4	165	0	0	0	2
4511	3	$EMPTY	MOV	25	166	0	0	0	0
4516	3	$EMPTY	MOV	29	167	0	0	0	0
4521	3	$EMPTY	MOV	49	169	0	0	0	0
4531	3	$EMPTY	ADD	122	173	0	0	0	2
4573	4	$EMPTY	ADD	21	174	0	0	3	0
4559	4	$EMPTY	ADD	7	179	0	0	0	3
4568	2	$EMPTY	OUT	10	180	0	0	1	0
4576	3	$EMPTY	ADD	26	185	0	0	0	2
4585	3	$EMPTY	OR	22	188	0	0	0	2
